phase,fov_deg,angle_label,angle_x_deg,angle_y_deg,depth_m,I_z_raw,I_z_eff,CRLB_z_raw,CRLB_z_eff,F_z_ax,F_z_ay,F_z_a,mu_sum
lens,90.0,center,0.0,0.0,1.0,921719.625,921696.875,1.0849286127267987e-06,1.084955442820501e-06,-1875579.875,3081795.75,-3.1781382858753204e-07,99999.9921875
lens,90.0,x_neg_edge,-45.0,0.0,1.0,1524924.75,1520721.125,6.557700658049725e-07,6.575827455890249e-07,-327791.125,-35188304.0,1.3941316865384579e-06,100000.046875
lens,90.0,x_pos_edge,45.0,0.0,1.0,1545204.625,1545149.25,6.471634605986765e-07,6.471866527135717e-07,4238577.0,-1236114.125,1.155538484454155e-06,100000.0078125
lens,90.0,y_neg_edge,0.0,-45.0,1.0,1535269.25,1531659.125,6.513515700135031e-07,6.528867970700958e-07,-7677084.0,-34949840.0,7.885973900556564e-07,100000.015625
lens,90.0,y_pos_edge,0.0,45.0,1.0,1542649.875,1538682.25,6.48235243261297e-07,6.499067808363179e-07,-9573230.0,36201536.0,-1.555308699607849e-07,100000.015625
lens,90.0,corner_neg_neg,-45.0,-45.0,1.0,2469727.0,2466762.5,4.049030621899874e-07,4.053896418554359e-07,9868021.0,13650458.0,-6.48200511932373e-07,100000.015625
lens,90.0,corner_neg_pos,-45.0,45.0,1.0,2309536.75,2307874.75,4.3298726382090535e-07,4.332990783950663e-07,28046102.0,21299200.0,3.470267984084785e-07,100000.03125
lens,90.0,corner_pos_neg,45.0,-45.0,1.0,2293752.0,2293308.75,4.359669105724606e-07,4.3605118094092177e-07,-13347860.0,-6778680.0,-5.4016709327697754e-08,100000.015625
lens,90.0,corner_pos_pos,45.0,45.0,1.0,2241568.0,2239391.75,4.461163030100579e-07,4.4654981934399984e-07,-22922874.0,3941859.5,9.103678166866302e-08,100000.03125
lens,90.0,center,0.0,0.0,3.0,686921.0,686352.5625,1.4557714393959031e-06,1.4569772019967786e-06,-17764158.0,-292636.6875,-1.407461240887642e-07,100000.0
lens,90.0,x_neg_edge,-45.0,0.0,3.0,1428883.375,1422949.75,6.998471917540883e-07,7.027655328784022e-07,-42353368.0,-3846483.5,2.5029294192790985e-08,100000.0078125
lens,90.0,x_pos_edge,45.0,0.0,3.0,1355610.125,1341089.125,7.376752364507411e-07,7.456625894519675e-07,66633252.0,4375453.5,5.4424162954092026e-09,100000.0
lens,90.0,y_neg_edge,0.0,-45.0,3.0,1448010.375,1442205.125,6.906028033881739e-07,6.93382617100724e-07,-9444057.0,-40428812.0,1.932494342327118e-08,100000.0234375
lens,90.0,y_pos_edge,0.0,45.0,3.0,1449820.125,1440482.875,6.897407160977309e-07,6.942116783648089e-07,-1856301.875,53559496.0,-2.514570951461792e-08,99999.9921875
lens,90.0,corner_neg_neg,-45.0,-45.0,3.0,2219812.25,2216953.75,4.504885566802841e-07,4.5106941115591326e-07,-10854375.0,-12936571.0,-1.4528632164001465e-07,99999.984375
lens,90.0,corner_neg_pos,-45.0,45.0,3.0,2310431.25,2305204.5,4.3281963257868483e-07,4.3380100578360725e-07,-15596810.0,16566459.0,3.934837877750397e-08,100000.0
lens,90.0,corner_pos_neg,45.0,-45.0,3.0,2207248.75,2207040.0,4.530527064616763e-07,4.530955379777879e-07,510737.0,-5694865.5,-2.980232238769531e-07,99999.953125
lens,90.0,corner_pos_pos,45.0,45.0,3.0,2241574.0,2239819.5,4.461151092982618e-07,4.4646455421570863e-07,23670676.0,-8147112.5,-4.540197551250458e-09,100000.015625
lens,90.0,center,0.0,0.0,5.0,597606.375,596975.375,1.6733422398829134e-06,1.6751109797041863e-06,7954540.5,-14932235.0,1.6621197573840618e-07,100000.0
lens,90.0,x_neg_edge,-45.0,0.0,5.0,1520911.625,1517180.375,6.575003794750955e-07,6.59117404211429e-07,-37893400.0,-135644.171875,1.0506482794880867e-08,99999.9921875
lens,90.0,x_pos_edge,45.0,0.0,5.0,1481512.5,1481246.5,6.74985869864031e-07,6.751070600330422e-07,-6385052.0,-6038484.0,-4.096364136785269e-08,100000.015625
lens,90.0,y_neg_edge,0.0,-45.0,5.0,1535543.375,1530962.375,6.512352683785139e-07,6.531839176204812e-07,3660617.5,-41760724.0,7.28759914636612e-08,99999.96875
lens,90.0,y_pos_edge,0.0,45.0,5.0,1629161.5,1628738.125,6.138126877885952e-07,6.139722472653375e-07,-4063539.5,11619979.0,-1.862645149230957e-08,100000.0
lens,90.0,corner_neg_neg,-45.0,-45.0,5.0,1978990.25,1977781.75,5.053082077211002e-07,5.056169811723521e-07,6750138.0,8104753.0,-2.2351741790771484e-08,100000.0
lens,90.0,corner_neg_pos,-45.0,45.0,5.0,1996404.5,1996180.875,5.009005121792143e-07,5.009566166336299e-07,-4749677.0,1601379.375,2.0489096641540527e-08,100000.0234375
lens,90.0,corner_pos_neg,45.0,-45.0,5.0,1945310.875,1942558.625,5.14056637257454e-07,5.147849719833175e-07,16350324.0,32596636.0,-2.086162567138672e-07,100000.0
lens,90.0,corner_pos_pos,45.0,45.0,5.0,1957296.125,1954154.375,5.109088760946179e-07,5.117303203405754e-07,-2565157.0,-21088670.0,4.6566128730773926e-08,99999.984375
lens,90.0,center,0.0,0.0,7.0,584585.0625,584169.75,1.7106150380641338e-06,1.711831146167242e-06,13034775.0,-4300307.0,1.955777406692505e-08,99999.984375
lens,90.0,x_neg_edge,-45.0,0.0,7.0,1516424.75,1513902.625,6.594458454856067e-07,6.605444582419295e-07,-22642466.0,15121854.0,5.90443960390985e-09,100000.0234375
lens,90.0,x_pos_edge,45.0,0.0,7.0,1365427.875,1362629.375,7.323711770368391e-07,7.33875253899896e-07,-30550724.0,-2313182.5,4.871253622695804e-09,100000.015625
lens,90.0,y_neg_edge,0.0,-45.0,7.0,1465500.625,1465170.75,6.823606781836133e-07,6.825143259447941e-07,-8113947.0,-3755914.0,1.5692785382270813e-07,100000.015625
lens,90.0,y_pos_edge,0.0,45.0,7.0,1431753.5,1426709.75,6.984442393331847e-07,7.009134037616604e-07,-1695791.75,-41147992.0,3.521563485264778e-08,100000.0078125
lens,90.0,corner_neg_neg,-45.0,-45.0,7.0,2359463.75,2357063.25,4.238251278820826e-07,4.242567399614927e-07,-33172814.0,20679696.0,-5.960464477539063e-08,99999.9921875
lens,90.0,corner_neg_pos,-45.0,45.0,7.0,2309188.0,2309079.25,4.330526621743047e-07,4.330730405399663e-07,4746065.0,7274264.0,-2.3283064365386963e-09,99999.984375
lens,90.0,corner_pos_neg,45.0,-45.0,7.0,2282575.0,2282094.0,4.381016935894877e-07,4.381940357234271e-07,-6209008.5,-13385022.0,1.4901161193847656e-08,99999.9921875
lens,90.0,corner_pos_pos,45.0,45.0,7.0,2208862.0,2208539.5,4.527218209204875e-07,4.5278792981662264e-07,7986427.5,-12464992.0,-2.0070001482963562e-07,99999.9921875
lens,90.0,center,0.0,0.0,10.0,646508.0,644817.0,1.5467712728423066e-06,1.550827619212214e-06,-6675662.5,-26879508.0,-1.2508826330304146e-07,100000.0078125
lens,90.0,x_neg_edge,-45.0,0.0,10.0,1680122.375,1678876.875,5.951947628091148e-07,5.956362656434067e-07,20652690.0,2079065.0,-4.3743057176470757e-08,100000.0234375
lens,90.0,x_pos_edge,45.0,0.0,10.0,1714465.0,1714243.75,5.832723104504112e-07,5.833476279804017e-07,8199631.5,2798881.25,7.091148290783167e-08,100000.015625
lens,90.0,y_neg_edge,0.0,-45.0,10.0,1539110.125,1536270.875,6.497260756077594e-07,6.50926892831194e-07,318889.4375,-31463412.0,-7.916241884231567e-08,100000.0
lens,90.0,y_pos_edge,0.0,45.0,10.0,1527768.5,1526101.25,6.545494102283556e-07,6.552645004376245e-07,340344.28125,24495372.0,1.30385160446167e-08,100000.0078125
lens,90.0,corner_neg_neg,-45.0,-45.0,10.0,2116077.25,2112591.5,4.7257253754651174e-07,4.7335228714473487e-07,-11469809.0,-15113894.0,1.862645149230957e-08,99999.9921875
lens,90.0,corner_neg_pos,-45.0,45.0,10.0,2259595.25,2257850.75,4.425571376032167e-07,4.428990791893739e-07,-14038454.0,4537982.0,9.12696123123169e-08,100000.0234375
lens,90.0,corner_pos_neg,45.0,-45.0,10.0,2286896.5,2283785.0,4.372738260371989e-07,4.37869601910279e-07,6326000.0,-18517230.0,2.0489096641540527e-08,99999.96875
lens,90.0,corner_pos_pos,45.0,45.0,10.0,2259513.0,2255457.75,4.4257325271246373e-07,4.4336897531138675e-07,-934273.875,28246070.0,4.6566128730773926e-09,99999.96875
random,90.0,center,0.0,0.0,1.0,865768.375,865641.3125,1.1550433782758773e-06,1.1552128853509203e-06,-3913531.75,-6711859.0,-7.460475899279118e-07,100000.0
random,90.0,x_neg_edge,-45.0,0.0,1.0,1557052.0,1556894.0,6.422392857530212e-07,6.423044851544546e-07,-1243244.625,-6025272.0,6.68427674099803e-07,100000.015625
random,90.0,x_pos_edge,45.0,0.0,1.0,1586297.625,1586134.625,6.303987447608961e-07,6.304634894149785e-07,-410202.5,-6243355.0,8.381903171539307e-07,100000.0234375
random,90.0,y_neg_edge,0.0,-45.0,1.0,1566201.0,1566063.875,6.384876769516268e-07,6.38543554032367e-07,-2982926.0,-4946214.0,-4.229659680277109e-07,100000.0
random,90.0,y_pos_edge,0.0,45.0,1.0,1561117.0,1561095.875,6.405669523701363e-07,6.40575649413222e-07,1717138.25,1470029.0,-1.2571399565786123e-06,99999.96875
random,90.0,corner_neg_neg,-45.0,-45.0,1.0,2128426.75,2128229.5,4.6983058155092294e-07,4.698741236097703e-07,-7136232.5,3108205.0,5.806796252727509e-07,100000.03125
random,90.0,corner_neg_pos,-45.0,45.0,1.0,2175567.0,2174169.5,4.596502947151748e-07,4.5994573838470387e-07,2381199.0,15257866.0,-3.4598633646965027e-07,99999.9921875
random,90.0,corner_pos_neg,45.0,-45.0,1.0,2167097.25,2166859.75,4.6144674570314237e-07,4.614973363459285e-07,9227638.0,7410159.0,8.065253496170044e-07,100000.0
random,90.0,corner_pos_pos,45.0,45.0,1.0,2189572.0,2187866.25,4.5671026782656554e-07,4.5706633500230964e-07,18540358.0,-5008169.5,2.707820385694504e-07,100000.0234375
random,90.0,center,0.0,0.0,3.0,645096.8125,645066.0625,1.550154934193415e-06,1.5502288306379342e-06,-3749935.25,-968581.75,3.585591912269592e-08,100000.0
random,90.0,x_neg_edge,-45.0,0.0,3.0,1507618.375,1505900.25,6.632978397647094e-07,6.640545962000033e-07,-20185130.0,587921.125,7.962808012962341e-08,99999.9921875
random,90.0,x_pos_edge,45.0,0.0,3.0,1492686.25,1489833.375,6.699331720483315e-07,6.712160143251822e-07,25383952.0,-5272991.5,-1.8707942217588425e-07,100000.0
random,90.0,y_neg_edge,0.0,-45.0,3.0,1479921.0,1478143.125,6.757117603228835e-07,6.765244506823365e-07,-3443776.25,-20251784.0,1.2363307178020477e-07,100000.0078125
random,90.0,y_pos_edge,0.0,45.0,3.0,1497653.75,1495947.0,6.677111059616436e-07,6.684728646177973e-07,423124.875,19990664.0,2.60770320892334e-08,100000.0
random,90.0,corner_neg_neg,-45.0,-45.0,3.0,2192119.5,2188259.0,4.561795208246622e-07,4.569843099488935e-07,-16384632.0,-6893517.0,5.2619725465774536e-08,100000.0078125
random,90.0,corner_neg_pos,-45.0,45.0,3.0,2170926.0,2170004.5,4.606329184753122e-07,4.6082854510132165e-07,-4221424.0,7313823.0,1.1606607586145401e-07,99999.9921875
random,90.0,corner_pos_neg,45.0,-45.0,3.0,2154866.75,2153164.0,4.640658062271541e-07,4.644328157610289e-07,4328532.5,-11167721.0,1.1525116860866547e-07,100000.0234375
random,90.0,corner_pos_pos,45.0,45.0,3.0,2203446.5,2200194.75,4.5383447400126897e-07,4.545052263438265e-07,15546607.0,5644081.5,1.5064142644405365e-07,100000.015625
random,90.0,center,0.0,0.0,5.0,602047.75,602003.0625,1.6609977819825872e-06,1.6611211322015151e-06,-3567459.75,-2977351.25,-5.075708031654358e-08,100000.0078125
random,90.0,x_neg_edge,-45.0,0.0,5.0,1548214.125,1547977.125,6.459055157392868e-07,6.460043664446857e-07,-4278135.0,-6221567.5,3.4691765904426575e-08,100000.0
random,90.0,x_pos_edge,45.0,0.0,5.0,1531953.125,1531940.875,6.527615141749266e-07,6.527666869260429e-07,-718310.375,-1556912.375,-7.497146725654602e-08,99999.9921875
random,90.0,y_neg_edge,0.0,-45.0,5.0,1562117.375,1561772.875,6.401567702596367e-07,6.402979693120869e-07,2151942.0,-8861268.0,3.035529516637325e-08,100000.0078125
random,90.0,y_pos_edge,0.0,45.0,5.0,1514225.25,1514134.25,6.604037139368302e-07,6.60443390643195e-07,3588188.0,2988590.25,-3.4924596548080444e-09,100000.0078125
random,90.0,corner_neg_neg,-45.0,-45.0,5.0,2084858.125,2084527.625,4.796489179170749e-07,4.797249744115106e-07,1829393.875,-7906020.0,5.122274160385132e-09,100000.0
random,90.0,corner_neg_pos,-45.0,45.0,5.0,2091629.5,2091143.625,4.780961262440542e-07,4.782072551279271e-07,2585421.5,9840484.0,5.878973752260208e-09,99999.984375
random,90.0,corner_pos_neg,45.0,-45.0,5.0,2161140.0,2159779.0,4.627187593087001e-07,4.630103376257466e-07,3619567.75,-10113313.0,-3.4968252293765545e-08,99999.984375
random,90.0,corner_pos_pos,45.0,45.0,5.0,2106888.75,2106624.75,4.7463350938414806e-07,4.746929960219859e-07,8327712.5,-3789064.0,-6.05359673500061e-09,100000.0
random,90.0,center,0.0,0.0,7.0,613398.9375,613180.875,1.6302603853546316e-06,1.6308401882270118e-06,9790948.0,-3022300.0,1.5262048691511154e-07,100000.0
random,90.0,x_neg_edge,-45.0,0.0,7.0,1429309.375,1428574.125,6.996385764068691e-07,6.999986794653523e-07,-13164544.0,16321.234375,-8.847564458847046e-09,100000.015625
random,90.0,x_pos_edge,45.0,0.0,7.0,1429827.0,1429289.25,6.993852821324253e-07,6.996484671617509e-07,11477823.0,-64438.421875,-1.4784745872020721e-08,99999.953125
random,90.0,y_neg_edge,0.0,-45.0,7.0,1442034.5,1441444.625,6.93464698997559e-07,6.937484613445122e-07,-4135313.25,-11271771.0,1.5366822481155396e-08,100000.0
random,90.0,y_pos_edge,0.0,45.0,7.0,1439828.0,1438729.0,6.945273867131618e-07,6.950579063413898e-07,-751596.625,16103163.0,1.0826624929904938e-08,100000.015625
random,90.0,corner_neg_neg,-45.0,-45.0,7.0,2256969.5,2256941.75,4.4307199686954846e-07,4.430774538377591e-07,516915.5625,-2264595.25,1.0710209608078003e-08,99999.9921875
random,90.0,corner_neg_pos,-45.0,45.0,7.0,2256120.25,2255578.75,4.4323877546048607e-07,4.433451863405935e-07,-9629705.0,-1736146.875,-9.487848728895187e-09,100000.0
random,90.0,corner_pos_neg,45.0,-45.0,7.0,2197548.25,2196828.25,4.5505257162403723e-07,4.55201728755128e-07,-6880717.5,-14161615.0,-1.0244548320770264e-08,99999.984375
random,90.0,corner_pos_pos,45.0,45.0,7.0,2251534.5,2251520.5,4.44141534217124e-07,4.4414429112293874e-07,1922154.125,-860519.125,1.7229467630386353e-08,100000.015625
random,90.0,center,0.0,0.0,10.0,597751.6875,597709.125,1.6729354683775455e-06,1.6730546121834777e-06,4487285.0,-644233.75,-1.0652001947164536e-08,100000.0
random,90.0,x_neg_edge,-45.0,0.0,10.0,1550225.75,1549973.625,6.450673595281842e-07,6.451722924794012e-07,795788.9375,7776307.5,5.681067705154419e-08,100000.0
random,90.0,x_pos_edge,45.0,0.0,10.0,1562991.125,1562949.625,6.39798884094489e-07,6.398158802767284e-07,-3034464.0,832118.375,-1.7578713595867157e-08,100000.0078125
random,90.0,y_neg_edge,0.0,-45.0,10.0,1545997.625,1545339.0,6.468315518759482e-07,6.471071856140043e-07,-392111.15625,-12629799.0,1.792795956134796e-08,100000.015625
random,90.0,y_pos_edge,0.0,45.0,10.0,1531543.5,1531381.625,6.529360803142481e-07,6.530050882247451e-07,6246302.5,-138314.8125,-4.656612873077393e-10,100000.0078125
random,90.0,corner_neg_neg,-45.0,-45.0,10.0,2065842.25,2065479.75,4.840640599468315e-07,4.841490408580285e-07,-2362633.0,-4797078.0,-2.3166649043560028e-08,100000.0390625
random,90.0,corner_neg_pos,-45.0,45.0,10.0,2113891.5,2113622.75,4.7306116357503925e-07,4.731213323339034e-07,-6800557.5,-1122863.125,2.0605511963367462e-08,100000.0
random,90.0,corner_pos_neg,45.0,-45.0,10.0,2065426.875,2063941.0,4.841614327233401e-07,4.845099965677946e-07,9906081.0,-4392770.0,-9.313225746154785e-10,100000.0
random,90.0,corner_pos_pos,45.0,45.0,10.0,2118984.25,2116989.5,4.719242383544042e-07,4.723688959984429e-07,8635180.0,8232983.0,-1.658918336033821e-08,100000.0078125
spiral,90.0,center,0.0,0.0,1.0,668375.25,668366.625,1.4961655097067705e-06,1.4961848364691832e-06,-323048.4375,-46496.03125,2.3283064365386963e-07,100000.0
spiral,90.0,x_neg_edge,-45.0,0.0,1.0,1481920.5,1481917.875,6.74800048727775e-07,6.748012424395711e-07,289838.53125,-74106.484375,-1.0132207535207272e-06,99999.9921875
spiral,90.0,x_pos_edge,45.0,0.0,1.0,1533492.25,1532103.625,6.521063369291369e-07,6.526973379550327e-07,9831653.0,45962.453125,5.261972546577454e-07,99999.984375
spiral,90.0,y_neg_edge,0.0,-45.0,1.0,1426139.5,1425900.375,7.011936986600631e-07,7.013112508502672e-07,205755.546875,4008939.5,2.5442568585276604e-07,99999.9765625
spiral,90.0,y_pos_edge,0.0,45.0,1.0,1526247.5,1525705.25,6.552017453032022e-07,6.554345759468561e-07,1431592.125,1278518.75,2.0372681319713593e-07,100000.0
spiral,90.0,corner_neg_neg,-45.0,-45.0,1.0,2142132.75,2140695.25,4.6682447418788797e-07,4.6713796564290533e-07,11524057.0,8671129.0,-4.924368113279343e-07,99999.984375
spiral,90.0,corner_neg_pos,-45.0,45.0,1.0,2128258.0,2127302.0,4.698678424119862e-07,4.700789872913447e-07,8697044.0,-7943987.5,-3.6833807826042175e-07,100000.0
spiral,90.0,corner_pos_neg,45.0,-45.0,1.0,2066157.875,2060111.875,4.839901066588936e-07,4.854105100093875e-07,-26153876.0,13979871.0,4.5867636799812317e-07,100000.0234375
spiral,90.0,corner_pos_pos,45.0,45.0,1.0,2032337.5,2030631.625,4.920442506772815e-07,4.924576160192373e-07,-9410001.0,-12625432.0,7.495982572436333e-07,100000.015625
spiral,90.0,center,0.0,0.0,3.0,623539.75,623317.5625,1.6037470231822226e-06,1.604318640602287e-06,540235.4375,-1133168.375,4.1443854570388794e-08,100000.015625
spiral,90.0,x_neg_edge,-45.0,0.0,3.0,1500828.875,1500268.5,6.662984901595337e-07,6.665473506473063e-07,12276817.0,-99791.734375,-6.05359673500061e-08,99999.9921875
spiral,90.0,x_pos_edge,45.0,0.0,3.0,1394431.375,1394134.25,7.171382208071009e-07,7.172910159169987e-07,1896477.625,-456327.40625,7.543712854385376e-08,100000.03125
spiral,90.0,y_neg_edge,0.0,-45.0,3.0,1372143.75,1369211.0,7.287866310434765e-07,7.303476081688132e-07,635549.8125,-25344222.0,9.825453162193298e-08,100000.015625
spiral,90.0,y_pos_edge,0.0,45.0,3.0,1397514.5,1396883.0,7.15556097929948e-07,7.158795938266849e-07,99043.8359375,12935984.0,1.0663643479347229e-07,100000.0078125
spiral,90.0,corner_neg_neg,-45.0,-45.0,3.0,2232980.75,2231634.25,4.4783189423469594e-07,4.481020994262508e-07,-12602446.0,-7919686.0,5.448237061500549e-08,100000.015625
spiral,90.0,corner_neg_pos,-45.0,45.0,3.0,2275384.75,2273948.0,4.394861150558427e-07,4.397637951569777e-07,-7128736.5,13604234.0,-5.2619725465774536e-08,99999.9921875
spiral,90.0,corner_pos_neg,45.0,-45.0,3.0,2165880.25,2163975.0,4.6170603695827594e-07,4.62112552668259e-07,637695.375,-17666030.0,-1.1932570487260818e-07,99999.984375
spiral,90.0,corner_pos_pos,45.0,45.0,3.0,2156962.25,2154846.25,4.6361498107216903e-07,4.6407024001382524e-07,14364522.0,11883465.0,-5.3682015277445316e-08,99999.9921875
spiral,90.0,center,0.0,0.0,5.0,534739.1875,532114.75,1.8700704913499067e-06,1.8792939044942614e-06,187798.21875,-600867.375,-1.0617077350616455e-07,99999.984375
spiral,90.0,x_neg_edge,-45.0,0.0,5.0,1439144.875,1436617.75,6.948570785425545e-07,6.960793825783185e-07,13791177.0,67855.03125,3.8940925151109695e-08,100000.0078125
spiral,90.0,x_pos_edge,45.0,0.0,5.0,1513213.0,1513181.5,6.608455009882164e-07,6.608592570955807e-07,-998278.8125,-47070.95703125,2.0780134946107864e-08,100000.0
spiral,90.0,y_neg_edge,0.0,-45.0,5.0,1351280.375,1348935.375,7.400388426503923e-07,7.41325379749469e-07,-29271.841796875,13418170.0,6.332993507385254e-08,100000.0
spiral,90.0,y_pos_edge,0.0,45.0,5.0,1444125.125,1443265.875,6.924607873770583e-07,6.928730158506369e-07,129368.5390625,-7381700.0,5.587935447692871e-09,100000.0078125
spiral,90.0,corner_neg_neg,-45.0,-45.0,5.0,2183452.5,2176660.25,4.579902679324732e-07,4.5941942516947165e-07,-27163972.0,-26947764.0,-8.195638656616211e-08,99999.984375
spiral,90.0,corner_neg_pos,-45.0,45.0,5.0,2087648.25,2082832.0,4.790078946825815e-07,4.801155455425032e-07,-23295022.0,22323612.0,-9.313225746154785e-10,100000.0078125
spiral,90.0,corner_pos_neg,45.0,-45.0,5.0,2053415.5,2046076.25,4.869934855378233e-07,4.887403406428348e-07,-28121948.0,28112908.0,2.421438694000244e-08,100000.0
spiral,90.0,corner_pos_pos,45.0,45.0,5.0,2067764.125,2058569.625,4.836141442865483e-07,4.85774194203259e-07,29826336.0,33116204.0,-1.103617250919342e-07,99999.9765625
spiral,90.0,center,0.0,0.0,7.0,546199.625,543410.875,1.8308325024918304e-06,1.8402281511953333e-06,-48507.13671875,-646485.375,-1.1816155165433884e-07,100000.0
spiral,90.0,x_neg_edge,-45.0,0.0,7.0,1455913.0,1455655.625,6.868542072879791e-07,6.869756816740846e-07,258064.65625,-161522.296875,-1.2514647096395493e-08,100000.0078125
spiral,90.0,x_pos_edge,45.0,0.0,7.0,1393009.375,1392940.0,7.178702503551904e-07,7.179060048656538e-07,1994403.875,-71546.0625,1.3387762010097504e-08,99999.9921875
spiral,90.0,y_neg_edge,0.0,-45.0,7.0,1248100.625,1245865.875,8.012174248506199e-07,8.026545970096777e-07,-140161.796875,-18150608.0,2.0489096641540527e-08,99999.984375
spiral,90.0,y_pos_edge,0.0,45.0,7.0,1376149.125,1371672.5,7.266654051818477e-07,7.290369694601395e-07,-248441.296875,23238734.0,3.166496753692627e-08,100000.0
spiral,90.0,corner_neg_neg,-45.0,-45.0,7.0,2244240.25,2242392.0,4.4558510126080364e-07,4.459523665900633e-07,-12661647.0,-15390121.0,-7.869675755500793e-08,100000.03125
spiral,90.0,corner_neg_pos,-45.0,45.0,7.0,2226132.5,2217666.25,4.492095513342065e-07,4.5092448885952763e-07,-27644666.0,32566754.0,-5.21540641784668e-08,99999.984375
spiral,90.0,corner_pos_neg,45.0,-45.0,7.0,2201139.25,2198442.75,4.543101965737151e-07,4.548674326088076e-07,19744302.0,-13477159.0,-3.4458935260772705e-08,100000.015625
spiral,90.0,corner_pos_pos,45.0,45.0,7.0,2221111.75,2220757.25,4.502249737470265e-07,4.50296852250176e-07,7145921.5,4914094.5,6.332993507385254e-08,99999.9921875
spiral,90.0,center,0.0,0.0,10.0,552289.3125,549597.625,1.8106452444044407e-06,1.8195129314335645e-06,101387.609375,-629196.8125,-1.1641532182693481e-08,100000.0
spiral,90.0,x_neg_edge,-45.0,0.0,10.0,1497098.125,1493402.75,6.679588864244579e-07,6.696117225146736e-07,34192264.0,-253389.546875,1.9441358745098114e-08,100000.0
spiral,90.0,x_pos_edge,45.0,0.0,10.0,1493348.375,1491766.0,6.696361083413649e-07,6.703464237034495e-07,-387889.3125,471386.59375,1.8044374883174896e-08,100000.0234375
spiral,90.0,y_neg_edge,0.0,-45.0,10.0,1424405.125,1422132.5,7.020474868113524e-07,7.031693485259893e-07,-354.66796875,-26420942.0,1.862645149230957e-08,99999.9765625
spiral,90.0,y_pos_edge,0.0,45.0,10.0,1441121.0,1438243.5,6.939042691556097e-07,6.952925559744472e-07,338339.28125,28816910.0,3.4691765904426575e-08,100000.03125
spiral,90.0,corner_neg_neg,-45.0,-45.0,10.0,2051929.25,2051530.5,4.873462557952735e-07,4.874409569310956e-07,-5952632.0,4799982.5,-1.1175870895385742e-08,100000.0078125
spiral,90.0,corner_neg_pos,-45.0,45.0,10.0,2084147.625,2083911.75,4.798124564331374e-07,4.798667418981495e-07,3056362.25,-4373177.0,2.7706846594810486e-08,99999.984375
spiral,90.0,corner_pos_neg,45.0,-45.0,10.0,2079506.625,2077045.5,4.808832727576373e-07,4.814531280317169e-07,-11492863.0,12719791.0,-1.1641532182693481e-09,100000.0078125
spiral,90.0,corner_pos_pos,45.0,45.0,10.0,2159657.75,2152603.0,4.6303634348987543e-07,4.6455383539978357e-07,-27354676.0,-11185385.0,2.9103830456733704e-09,99999.9921875
double_helix,90.0,center,0.0,0.0,1.0,642517.125,642416.4375,1.556378720124485e-06,1.5566226920782356e-06,-1312465.125,-570890.5,-1.6577541828155518e-07,99999.984375
double_helix,90.0,x_neg_edge,-45.0,0.0,1.0,1411992.125,1410982.125,7.082192610141647e-07,7.087261906235653e-07,-6042669.5,1701368.25,-7.362104952335358e-07,99999.9765625
double_helix,90.0,x_pos_edge,45.0,0.0,1.0,1497129.625,1495715.125,6.679448460999993e-07,6.685764901703806e-07,10102315.0,218888.71875,-4.367902874946594e-07,99999.984375
double_helix,90.0,y_neg_edge,0.0,-45.0,1.0,1434992.5,1434128.625,6.96867743954499e-07,6.972875326027861e-07,1677193.125,5916702.0,-1.3224780559539795e-07,100000.0234375
double_helix,90.0,y_pos_edge,0.0,45.0,1.0,1462205.125,1460713.0,6.838985768808925e-07,6.845971824986918e-07,1268592.375,-9180313.0,-2.9802322387695312e-08,100000.0078125
double_helix,90.0,corner_neg_neg,-45.0,-45.0,1.0,2158154.0,2155604.75,4.6335895831361995e-07,4.6390692887143814e-07,-13738097.0,-14489980.0,1.816079020500183e-08,99999.9765625
double_helix,90.0,corner_neg_pos,-45.0,45.0,1.0,2055493.5,2055119.375,4.865011646870698e-07,4.86589726733655e-07,1393902.5,-7519972.5,4.2456667870283127e-07,100000.0078125
double_helix,90.0,corner_pos_neg,45.0,-45.0,1.0,2039516.0,2038131.0,4.903124022348493e-07,4.906456183562113e-07,-13112728.0,5873634.5,1.528533175587654e-07,100000.0
double_helix,90.0,corner_pos_pos,45.0,45.0,1.0,2025874.5,2021388.875,4.936139816891227e-07,4.947093543705705e-07,-15745902.0,-20941528.0,-4.077446646988392e-07,100000.0
double_helix,90.0,center,0.0,0.0,3.0,563135.75,562984.25,1.7757707837517955e-06,1.7762486095307395e-06,564242.75,1364952.75,6.146728992462158e-08,100000.015625
double_helix,90.0,x_neg_edge,-45.0,0.0,3.0,1451623.875,1451059.25,6.888836878715665e-07,6.891517614349141e-07,-10706576.0,-689972.625,4.0885061025619507e-07,100000.015625
double_helix,90.0,x_pos_edge,45.0,0.0,3.0,1436681.25,1436502.125,6.960486302887148e-07,6.961354301893152e-07,-3101046.0,686052.6875,-2.9994407668709755e-07,99999.984375
double_helix,90.0,y_neg_edge,0.0,-45.0,3.0,1503905.0,1503697.375,6.64935612348927e-07,6.650274144703872e-07,138829.296875,-7383862.0,-3.3527612686157227e-08,99999.984375
double_helix,90.0,y_pos_edge,0.0,45.0,3.0,1420969.5,1418972.625,7.03744888141955e-07,7.04735214185348e-07,-391299.4375,-22799860.0,-1.83063093572855e-07,99999.9765625
double_helix,90.0,corner_neg_neg,-45.0,-45.0,3.0,2169241.25,2161192.75,4.609906909536221e-07,4.627074474683468e-07,-28436724.0,-23543772.0,9.452924132347107e-08,100000.0078125
double_helix,90.0,corner_neg_pos,-45.0,45.0,3.0,2251304.25,2241747.25,4.441869521087938e-07,4.460806053430133e-07,-25786690.0,29501562.0,-4.190951585769653e-08,100000.015625
double_helix,90.0,corner_pos_neg,45.0,-45.0,3.0,2207024.25,2205584.25,4.5309877805266296e-07,4.533945912044146e-07,10543303.0,-10953015.0,-4.143294063396752e-08,99999.984375
double_helix,90.0,corner_pos_pos,45.0,45.0,3.0,2160193.75,2158807.75,4.629214345186483e-07,4.6321864033416205e-07,14258619.0,4828824.0,1.1175870895385742e-07,100000.0
double_helix,90.0,center,0.0,0.0,5.0,533689.9375,532755.0,1.8737471236818237e-06,1.8770354017760837e-06,2172577.75,2217719.25,7.776543498039246e-08,100000.0234375
double_helix,90.0,x_neg_edge,-45.0,0.0,5.0,1505196.875,1503941.25,6.643649044235644e-07,6.649195825048082e-07,-9189595.0,510384.34375,8.381903171539307e-09,100000.0
double_helix,90.0,x_pos_edge,45.0,0.0,5.0,1485618.75,1483802.0,6.731202120136004e-07,6.739443847436632e-07,11887287.0,591194.9375,-8.847564458847046e-09,100000.0
double_helix,90.0,y_neg_edge,0.0,-45.0,5.0,1505504.75,1504849.125,6.642290486524871e-07,6.645184384979075e-07,41588.71875,-7116381.5,4.237517714500427e-08,100000.0078125
double_helix,90.0,y_pos_edge,0.0,45.0,5.0,1433011.75,1432711.375,6.978310125305143e-07,6.979772706472431e-07,885478.3125,-184464.046875,4.936009645462036e-08,100000.015625
double_helix,90.0,corner_neg_neg,-45.0,-45.0,5.0,2155942.5,2154902.25,4.638342545604246e-07,4.640581607873173e-07,11662975.0,9183485.0,4.7497451305389404e-08,100000.0078125
double_helix,90.0,corner_neg_pos,-45.0,45.0,5.0,2119761.5,2098506.5,4.717511785656825e-07,4.7652937951170316e-07,-53443420.0,42086596.0,-4.98257577419281e-08,99999.9921875
double_helix,90.0,corner_pos_neg,45.0,-45.0,5.0,2130033.75,2125848.5,4.694761344126164e-07,4.704004084032931e-07,-25777014.0,14846514.0,3.41096892952919e-08,99999.984375
double_helix,90.0,corner_pos_pos,45.0,45.0,5.0,2065799.875,2063433.125,4.840740075451322e-07,4.846292540605646e-07,-11811782.0,-18385356.0,2.3166649043560028e-08,100000.015625
double_helix,90.0,center,0.0,0.0,7.0,523485.4375,523264.71875,1.9102728856523754e-06,1.9110786979581462e-06,1065578.875,1026137.0,2.062879502773285e-07,99999.9765625
double_helix,90.0,x_neg_edge,-45.0,0.0,7.0,1488422.25,1486636.625,6.718523763993289e-07,6.72659325573477e-07,-14556923.0,1027887.9375,2.9744114726781845e-08,99999.984375
double_helix,90.0,x_pos_edge,45.0,0.0,7.0,1480799.0,1480641.625,6.753110710633337e-07,6.753828643013549e-07,4922823.5,151377.8125,-4.423782229423523e-08,100000.0
double_helix,90.0,y_neg_edge,0.0,-45.0,7.0,1492103.375,1491711.0,6.701948791487666e-07,6.70371150590654e-07,677703.125,-5724547.5,5.21540641784668e-08,100000.015625
double_helix,90.0,y_pos_edge,0.0,45.0,7.0,1461178.875,1460859.5,6.843789037702663e-07,6.84528515648708e-07,-925099.25,672120.5,4.6566128730773926e-08,99999.9765625
double_helix,90.0,corner_neg_neg,-45.0,-45.0,7.0,2316903.25,2316421.75,4.316106014812249e-07,4.3170032881789666e-07,-3576454.25,7227346.5,-1.5366822481155396e-08,100000.0078125
double_helix,90.0,corner_neg_pos,-45.0,45.0,7.0,2199234.75,2197682.75,4.5470360987565073e-07,4.5502471834879543e-07,-14475599.0,11562539.0,0.0,99999.9921875
double_helix,90.0,corner_pos_neg,45.0,-45.0,7.0,2216553.25,2207663.0,4.511508961968502e-07,4.5296769712876994e-07,29340724.0,-33273332.0,2.9336661100387573e-08,100000.0
double_helix,90.0,corner_pos_pos,45.0,45.0,7.0,2214749.5,2214689.5,4.515183320563665e-07,4.5153055339142156e-07,1123465.25,3203999.25,2.3283064365386963e-09,100000.0078125
double_helix,90.0,center,0.0,0.0,10.0,528067.0625,527430.0,1.8936988226414542e-06,1.895986201816413e-06,-224173.5625,62010.78125,3.1385570764541626e-07,100000.0078125
double_helix,90.0,x_neg_edge,-45.0,0.0,10.0,1589815.125,1587426.5,6.290039777923084e-07,6.299504207163409e-07,29229626.0,-92985.28125,-8.207280188798904e-09,99999.984375
double_helix,90.0,x_pos_edge,45.0,0.0,10.0,1631013.75,1629547.75,6.131156169431051e-07,6.136671686363115e-07,-6852824.5,-1843000.625,5.122274160385132e-09,100000.0234375
double_helix,90.0,y_neg_edge,0.0,-45.0,10.0,1531495.625,1529671.125,6.529564871016191e-07,6.537352987834311e-07,444591.6875,24188864.0,9.313225746154785e-10,100000.015625
double_helix,90.0,y_pos_edge,0.0,45.0,10.0,1493664.0,1484822.0,6.694946250718203e-07,6.73481395097042e-07,874439.8125,-56967544.0,5.702895577996969e-08,100000.0078125
double_helix,90.0,corner_neg_neg,-45.0,-45.0,10.0,2088643.375,2077861.625,4.787796683558554e-07,4.81264009977167e-07,22643022.0,29226004.0,-5.122274160385132e-09,100000.0390625
double_helix,90.0,corner_neg_pos,-45.0,45.0,10.0,2241903.5,2239677.75,4.4604954041460587e-07,4.4649280539488245e-07,-19684152.0,-3034104.0,1.210719347000122e-08,99999.984375
double_helix,90.0,corner_pos_neg,45.0,-45.0,10.0,2113646.75,2113410.0,4.7311596063082106e-07,4.7316896711890877e-07,176629.53125,-5983448.5,3.655441105365753e-08,100000.015625
double_helix,90.0,corner_pos_pos,45.0,45.0,10.0,2138301.0,2135000.25,4.6766101036155305e-07,4.683840302277531e-07,14942146.0,14209457.0,1.30385160446167e-08,100000.0078125
multiring_spiral,90.0,center,0.0,0.0,1.0,661910.375,661615.0,1.5107785884538316e-06,1.5114529787751962e-06,-1967984.25,-1460064.125,4.5006163418293e-07,100000.0078125
multiring_spiral,90.0,x_neg_edge,-45.0,0.0,1.0,1465461.875,1464694.875,6.823786975473922e-07,6.827360721217701e-07,-7141251.5,812126.375,6.527407094836235e-07,100000.0
multiring_spiral,90.0,x_pos_edge,45.0,0.0,1.0,1571499.0,1570843.75,6.363351303662057e-07,6.366005322888668e-07,4373096.0,1860456.875,-4.7963112592697144e-08,99999.9921875
multiring_spiral,90.0,y_neg_edge,0.0,-45.0,1.0,1461161.25,1460376.125,6.843871460660012e-07,6.847550935162872e-07,817446.5,7246681.0,-4.149042069911957e-07,100000.0078125
multiring_spiral,90.0,y_pos_edge,0.0,45.0,1.0,1486889.5,1486768.125,6.72544956614729e-07,6.725998105139297e-07,65278.109375,-2986005.5,4.605390131473541e-07,99999.9921875
multiring_spiral,90.0,corner_neg_neg,-45.0,-45.0,1.0,2098733.0,2095074.25,4.7647796463934355e-07,4.773100386046281e-07,17175848.0,15208752.0,-5.848705768585205e-07,99999.984375
multiring_spiral,90.0,corner_neg_pos,-45.0,45.0,1.0,2078333.125,2078192.5,4.811548137695354e-07,4.811873850485426e-07,-1575062.0,4519363.5,4.493631422519684e-07,100000.015625
multiring_spiral,90.0,corner_pos_neg,45.0,-45.0,1.0,2118560.25,2117036.25,4.7201868369484146e-07,4.7235846523108194e-07,-9274720.0,11838067.0,-3.6694109439849854e-07,99999.96875
multiring_spiral,90.0,corner_pos_pos,45.0,45.0,1.0,2030955.125,2030569.125,4.923791721012094e-07,4.924727932120732e-07,-516292.125,-8309170.5,-6.924383342266083e-07,99999.984375
multiring_spiral,90.0,center,0.0,0.0,3.0,616701.4375,616658.375,1.6215301457123132e-06,1.621643377802684e-06,16312.134765625,-843937.375,-6.542541086673737e-08,99999.984375
multiring_spiral,90.0,x_neg_edge,-45.0,0.0,3.0,1493799.5,1493511.0,6.694338594570581e-07,6.695631782349665e-07,-6530063.0,815723.125,-3.46015440300107e-07,99999.96875
multiring_spiral,90.0,x_pos_edge,45.0,0.0,3.0,1446432.625,1446396.75,6.913560923749174e-07,6.913732590874133e-07,-2751528.0,-190729.3125,-2.270098775625229e-07,99999.9609375
multiring_spiral,90.0,y_neg_edge,0.0,-45.0,3.0,1422705.625,1422537.25,7.028860977698059e-07,7.029693165350182e-07,-740909.875,-3131443.0,1.387670636177063e-07,100000.0078125
multiring_spiral,90.0,y_pos_edge,0.0,45.0,3.0,1394264.625,1393076.375,7.17223940682743e-07,7.178357463999419e-07,-780601.625,16429143.0,-3.632158041000366e-08,99999.9921875
multiring_spiral,90.0,corner_neg_neg,-45.0,-45.0,3.0,2194183.25,2193403.25,4.5575043827739137e-07,4.5591252728627296e-07,5689981.0,9842593.0,-1.6763806343078613e-08,99999.984375
multiring_spiral,90.0,corner_neg_pos,-45.0,45.0,3.0,2218624.25,2217422.25,4.5072977172821993e-07,4.509740847424837e-07,-10083837.0,9625598.0,-1.5611294656991959e-07,99999.9921875
multiring_spiral,90.0,corner_pos_neg,45.0,-45.0,3.0,2204827.0,2200863.5,4.535503137503838e-07,4.543671252577042e-07,8947783.0,-24068256.0,5.282345227897167e-08,100000.0078125
multiring_spiral,90.0,corner_pos_pos,45.0,45.0,3.0,2198092.0,2193173.5,4.5494002165469283e-07,4.5596027575811604e-07,15875395.0,23375428.0,-2.8579961508512497e-07,99999.96875
multiring_spiral,90.0,center,0.0,0.0,5.0,591809.5,591403.625,1.6897329260245897e-06,1.6908925317693502e-06,-153304.390625,1972772.0,1.648440957069397e-07,100000.015625
multiring_spiral,90.0,x_neg_edge,-45.0,0.0,5.0,1480792.625,1480187.25,6.753140269211144e-07,6.755901722499402e-07,6811936.0,255129.578125,-4.656612873077393e-10,100000.0
multiring_spiral,90.0,x_pos_edge,45.0,0.0,5.0,1557529.25,1556766.0,6.420424938369251e-07,6.423572926905763e-07,-7199401.0,-755785.875,-5.2852556109428406e-08,100000.015625
multiring_spiral,90.0,y_neg_edge,0.0,-45.0,5.0,1511321.375,1510651.375,6.6167262957606e-07,6.619661121476383e-07,632993.625,-6577723.5,1.4901161193847656e-08,100000.03125
multiring_spiral,90.0,y_pos_edge,0.0,45.0,5.0,1532034.875,1531412.75,6.527266691591649e-07,6.529918437081506e-07,-251319.5,6835496.5,2.7939677238464355e-09,100000.0390625
multiring_spiral,90.0,corner_neg_neg,-45.0,-45.0,5.0,2164724.25,2164610.75,4.619525952875847e-07,4.619768105840194e-07,-4773677.0,-693859.0625,3.725290298461914e-09,100000.015625
multiring_spiral,90.0,corner_neg_pos,-45.0,45.0,5.0,2119342.5,2117614.25,4.718444586160331e-07,4.722295443571056e-07,-13967394.0,12874782.0,2.9802322387695312e-08,99999.96875
multiring_spiral,90.0,corner_pos_neg,45.0,-45.0,5.0,2079461.125,2070905.75,4.808938456335454e-07,4.828805231227307e-07,30104858.0,-29709674.0,3.5157427191734314e-08,100000.03125
multiring_spiral,90.0,corner_pos_pos,45.0,45.0,5.0,2086895.25,2085418.0,4.791807555193373e-07,4.795201675733551e-07,13382252.0,11264522.0,1.1082738637924194e-07,100000.0234375
multiring_spiral,90.0,center,0.0,0.0,7.0,608285.375,608145.125,1.6439652199551347e-06,1.6443443655589363e-06,964234.9375,-387433.5625,9.872019290924072e-08,99999.9921875
multiring_spiral,90.0,x_neg_edge,-45.0,0.0,7.0,1409985.875,1408681.5,7.092269811437291e-07,7.09883693161828e-07,-14388975.0,143082.828125,1.210719347000122e-08,100000.03125
multiring_spiral,90.0,x_pos_edge,45.0,0.0,7.0,1452684.625,1447888.375,6.883806804580672e-07,6.906609542056685e-07,27424790.0,758156.0625,2.3283064365386963e-09,99999.984375
multiring_spiral,90.0,y_neg_edge,0.0,-45.0,7.0,1387669.75,1387424.75,7.206325562947313e-07,7.207598287095607e-07,500164.1875,-5407265.0,3.725290298461914e-08,100000.0234375
multiring_spiral,90.0,y_pos_edge,0.0,45.0,7.0,1458526.5,1457340.75,6.856234904262237e-07,6.861812948955048e-07,-805703.375,12844653.0,-2.2351741790771484e-08,100000.0
multiring_spiral,90.0,corner_neg_neg,-45.0,-45.0,7.0,2282943.5,2282248.25,4.3803098037642485e-07,4.381644203022006e-07,-4491662.5,-11148925.0,8.207280188798904e-08,100000.0234375
multiring_spiral,90.0,corner_neg_pos,-45.0,45.0,7.0,2264000.0,2263542.75,4.416961019160226e-07,4.4178534608363407e-07,-4702386.0,8475023.0,1.862645149230957e-09,99999.9921875
multiring_spiral,90.0,corner_pos_neg,45.0,-45.0,7.0,2199192.25,2196881.75,4.547123921838647e-07,4.5519064428845013e-07,16421804.0,-14693132.0,1.5133991837501526e-08,100000.0
multiring_spiral,90.0,corner_pos_pos,45.0,45.0,7.0,2219211.0,2214009.25,4.5061059950057825e-07,4.516693081768608e-07,22031250.0,24721952.0,3.026798367500305e-08,100000.03125
multiring_spiral,90.0,center,0.0,0.0,10.0,581931.0,581518.25,1.7184167973027797e-06,1.7196364296978572e-06,1211000.875,1461390.25,-2.6448105927556753e-08,100000.0234375
multiring_spiral,90.0,x_neg_edge,-45.0,0.0,10.0,1526880.0,1526808.0,6.549303179781418e-07,6.549611839545832e-07,-982910.0625,573939.375,2.8463546186685562e-08,100000.0234375
multiring_spiral,90.0,x_pos_edge,45.0,0.0,10.0,1505932.5,1505190.375,6.640403853452881e-07,6.643678034379263e-07,12622328.0,1027021.75,-2.9802322387695312e-08,100000.03125
multiring_spiral,90.0,y_neg_edge,0.0,-45.0,10.0,1513147.75,1512489.125,6.608739795410656e-07,6.611617777707579e-07,-794074.75,11863888.0,-3.585591912269592e-08,99999.984375
multiring_spiral,90.0,y_pos_edge,0.0,45.0,10.0,1510040.375,1506307.75,6.622339583373105e-07,6.638749709964031e-07,-154136.734375,-35954148.0,1.955777406692505e-08,100000.0078125
multiring_spiral,90.0,corner_neg_neg,-45.0,-45.0,10.0,1983754.75,1983726.5,5.040945438850031e-07,5.041017629991984e-07,-1689673.375,-542691.625,3.166496753692627e-08,99999.984375
multiring_spiral,90.0,corner_neg_pos,-45.0,45.0,10.0,2001279.375,2000111.375,4.99680368193367e-07,4.999721454623796e-07,-3294612.0,-15070350.0,1.979060471057892e-08,100000.0
multiring_spiral,90.0,corner_pos_neg,45.0,-45.0,10.0,2096248.0,2094471.0,4.770428176925634e-07,4.774475428348524e-07,15315551.0,-3210131.75,-2.7939677238464355e-09,99999.984375
multiring_spiral,90.0,corner_pos_pos,45.0,45.0,10.0,2002289.5,2000813.875,4.994282676307193e-07,4.997966129849374e-07,-1203964.0,-14225820.0,-2.3283064365386963e-10,99999.9921875
