phase,angle_label,depth_left_m,depth_right_m,l1,cosine_distance,js_divergence,freq_l1
lens,center,1.0,3.0,4.704502862296067e-05,0.24678993225097656,0.11215630173683167,0.0877407118678093
lens,center,3.0,5.0,5.4775515309302136e-05,0.092243492603302,0.17291508615016937,0.11390320211648941
lens,center,5.0,7.0,8.125521956670045e-12,-2.384185791015625e-07,-1.1946285738417828e-08,3.95188237689581e-08
lens,center,7.0,10.0,9.476772665217847e-12,-3.5762786865234375e-07,-1.4637567602449053e-08,4.584876123203685e-08
lens,corner_neg_neg,1.0,3.0,8.250504470197484e-05,0.7083591222763062,0.32736241817474365,0.06056196987628937
lens,corner_neg_neg,3.0,5.0,8.06173775345087e-05,0.5966365337371826,0.30090460181236267,0.04283296316862106
lens,corner_neg_neg,5.0,7.0,3.178511542500928e-05,0.01641559600830078,0.08584398031234741,0.012290259823203087
lens,corner_neg_neg,7.0,10.0,8.636192069388926e-05,0.8428596258163452,0.3608279228210449,0.04377512261271477
lens,corner_neg_pos,1.0,3.0,8.31039433251135e-05,0.7126413583755493,0.33237600326538086,0.05702326074242592
lens,corner_neg_pos,3.0,5.0,8.058363164309412e-05,0.5966380834579468,0.3009757995605469,0.04313113912940025
lens,corner_neg_pos,5.0,7.0,3.18274469464086e-05,0.01641315221786499,0.08604037761688232,0.012345882132649422
lens,corner_neg_pos,7.0,10.0,8.594559039920568e-05,0.8394296169281006,0.3576437830924988,0.044127240777015686
lens,corner_pos_neg,1.0,3.0,8.310393604915589e-05,0.7126414775848389,0.3323759436607361,0.05702326074242592
lens,corner_pos_neg,3.0,5.0,8.058362436713651e-05,0.5966387987136841,0.3009757995605469,0.04313112795352936
lens,corner_pos_neg,5.0,7.0,3.182745058438741e-05,0.01641547679901123,0.08604039251804352,0.012345862574875355
lens,corner_pos_neg,7.0,10.0,8.594558312324807e-05,0.8394296169281006,0.3576437830924988,0.04412725567817688
lens,corner_pos_pos,1.0,3.0,8.383340900763869e-05,0.717449426651001,0.33824172616004944,0.053467314690351486
lens,corner_pos_pos,3.0,5.0,8.052586781559512e-05,0.5966372489929199,0.3009359836578369,0.04341713339090347
lens,corner_pos_pos,5.0,7.0,3.190185088897124e-05,0.01642400026321411,0.08627063035964966,0.012417031452059746
lens,corner_pos_pos,7.0,10.0,8.552722283639014e-05,0.8357522487640381,0.35433608293533325,0.04462654888629913
lens,x_neg_edge,1.0,3.0,9.991186379920691e-05,0.9502373933792114,0.4773096442222595,0.073463074862957
lens,x_neg_edge,3.0,5.0,7.896664465079084e-05,0.7416979074478149,0.30053195357322693,0.04785441607236862
lens,x_neg_edge,5.0,7.0,5.0863462092820555e-05,0.21862614154815674,0.144898921251297,0.03722264990210533
lens,x_neg_edge,7.0,10.0,6.66706619085744e-05,0.4331982135772705,0.22027252614498138,0.035954996943473816
lens,x_pos_edge,1.0,3.0,9.986288205254823e-05,0.95025634765625,0.47693222761154175,0.07351702451705933
lens,x_pos_edge,3.0,5.0,7.873501454014331e-05,0.7411760091781616,0.2981734871864319,0.04756744205951691
lens,x_pos_edge,5.0,7.0,5.064352444605902e-05,0.21851545572280884,0.14376044273376465,0.03706929087638855
lens,x_pos_edge,7.0,10.0,6.675822078250349e-05,0.43347734212875366,0.22078484296798706,0.036006566137075424
lens,y_neg_edge,1.0,3.0,9.991183469537646e-05,0.9502373933792114,0.47730958461761475,0.07346305251121521
lens,y_neg_edge,3.0,5.0,7.896663009887561e-05,0.7416980266571045,0.30053195357322693,0.04785440117120743
lens,y_neg_edge,5.0,7.0,5.086345845484175e-05,0.2186262607574463,0.1448988914489746,0.037222638726234436
lens,y_neg_edge,7.0,10.0,6.66706619085744e-05,0.4331984519958496,0.2202725112438202,0.035954996943473816
lens,y_pos_edge,1.0,3.0,9.986289660446346e-05,0.95025634765625,0.47693222761154175,0.07351702451705933
lens,y_pos_edge,3.0,5.0,7.87350072641857e-05,0.7411761283874512,0.2981734871864319,0.04756743460893631
lens,y_pos_edge,5.0,7.0,5.06435135321226e-05,0.21851569414138794,0.14376045763492584,0.03706928342580795
lens,y_pos_edge,7.0,10.0,6.675823533441871e-05,0.43347740173339844,0.22078484296798706,0.03600657358765602
random,center,1.0,3.0,4.450670530786738e-05,0.2868892550468445,0.11761096864938736,0.0036316518671810627
random,center,3.0,5.0,3.4859800507547334e-05,0.21200144290924072,0.08831100910902023,0.0032820801716297865
random,center,5.0,7.0,1.213905885533162e-11,0.0,7.554117331665111e-10,1.6311969552873506e-09
random,center,7.0,10.0,1.2869830201545085e-11,-1.1920928955078125e-07,3.192361930359766e-10,1.5728662816627548e-09
random,corner_neg_neg,1.0,3.0,6.029138603480533e-05,0.48487353324890137,0.1883808970451355,0.0040616123005747795
random,corner_neg_neg,3.0,5.0,5.8828911278396845e-05,0.4674762487411499,0.18199048936367035,0.0040551829151809216
random,corner_neg_neg,5.0,7.0,5.636519199470058e-05,0.4228280782699585,0.16798077523708344,0.00408412329852581
random,corner_neg_neg,7.0,10.0,6.057597420294769e-05,0.4922705292701721,0.1899876594543457,0.004086135886609554
random,corner_neg_pos,1.0,3.0,6.118230521678925e-05,0.4960120916366577,0.19337430596351624,0.004032286815345287
random,corner_neg_pos,3.0,5.0,5.903851706534624e-05,0.46659666299819946,0.1818009465932846,0.0039983829483389854
random,corner_neg_pos,5.0,7.0,5.613850589725189e-05,0.4210520386695862,0.1673857420682907,0.003969775512814522
random,corner_neg_pos,7.0,10.0,6.066076093702577e-05,0.4944821000099182,0.1919715404510498,0.003992216195911169
random,corner_pos_neg,1.0,3.0,6.096246943343431e-05,0.4968873858451843,0.19313406944274902,0.004063480067998171
random,corner_pos_neg,3.0,5.0,5.912007691222243e-05,0.4718887209892273,0.18477296829223633,0.004025325644761324
random,corner_pos_neg,5.0,7.0,5.644540215143934e-05,0.42504507303237915,0.168879434466362,0.004012878984212875
random,corner_pos_neg,7.0,10.0,6.0602862504310906e-05,0.49740439653396606,0.19096848368644714,0.00399742228910327
random,corner_pos_pos,1.0,3.0,6.0821585066150874e-05,0.4989384412765503,0.19164270162582397,0.003983295522630215
random,corner_pos_pos,3.0,5.0,5.879409218323417e-05,0.4649541974067688,0.18146342039108276,0.004024001769721508
random,corner_pos_pos,5.0,7.0,5.574580791289918e-05,0.4197601079940796,0.16534191370010376,0.003980175592005253
random,corner_pos_pos,7.0,10.0,6.073086115065962e-05,0.4947008490562439,0.1910334676504135,0.004023730754852295
random,x_neg_edge,1.0,3.0,6.056842175894417e-05,0.497008740901947,0.19109630584716797,0.004082791972905397
random,x_neg_edge,3.0,5.0,6.087557994760573e-05,0.49818265438079834,0.1915217489004135,0.00400881702080369
random,x_neg_edge,5.0,7.0,5.300725024426356e-05,0.372103214263916,0.15154877305030823,0.003864676458761096
random,x_neg_edge,7.0,10.0,5.714349390473217e-05,0.43644875288009644,0.17225629091262817,0.004014230333268642
random,x_pos_edge,1.0,3.0,6.122096965555102e-05,0.5013529062271118,0.19424784183502197,0.004051233641803265
random,x_pos_edge,3.0,5.0,6.040942025720142e-05,0.4887763261795044,0.19052477180957794,0.003997673746198416
random,x_pos_edge,5.0,7.0,5.265263462206349e-05,0.3723300099372864,0.14918240904808044,0.003852932248264551
random,x_pos_edge,7.0,10.0,5.722731657442637e-05,0.4422857165336609,0.17269273102283478,0.004016766790300608
random,y_neg_edge,1.0,3.0,6.089951057219878e-05,0.4993222951889038,0.19338960945606232,0.004054279066622257
random,y_neg_edge,3.0,5.0,6.112016853876412e-05,0.5009417533874512,0.1946413218975067,0.004027910530567169
random,y_neg_edge,5.0,7.0,5.2762479754164815e-05,0.3728809356689453,0.14992547035217285,0.0038635635282844305
random,y_neg_edge,7.0,10.0,5.715424049412832e-05,0.4349548816680908,0.17138603329658508,0.0039981952868402
random,y_pos_edge,1.0,3.0,6.097311415942386e-05,0.4982139468193054,0.19291435182094574,0.004036348313093185
random,y_pos_edge,3.0,5.0,6.0448463045759127e-05,0.4924200177192688,0.19026309251785278,0.004032261669635773
random,y_pos_edge,5.0,7.0,5.2893963584210724e-05,0.377316951751709,0.15075980126857758,0.003905561286956072
random,y_pos_edge,7.0,10.0,5.674475687555969e-05,0.4302099943161011,0.17024560272693634,0.003947683144360781
spiral,center,1.0,3.0,3.128522803308442e-05,0.20459407567977905,0.06879498064517975,0.0013097604969516397
spiral,center,3.0,5.0,1.6202138795051724e-05,0.06445056200027466,0.02265552245080471,0.0014383719535544515
spiral,center,5.0,7.0,1.2474625499248049e-11,-2.384185791015625e-07,2.0042667525643765e-09,1.1351377615653746e-09
spiral,center,7.0,10.0,1.266963964297041e-11,-3.5762786865234375e-07,-3.9285419362045104e-09,1.1216729767227207e-09
spiral,corner_neg_neg,1.0,3.0,5.633671389659867e-05,0.43773841857910156,0.1678088754415512,0.0033610311802476645
spiral,corner_neg_neg,3.0,5.0,5.811576556880027e-05,0.4500432014465332,0.1765041947364807,0.0029150890186429024
spiral,corner_neg_neg,5.0,7.0,5.8679266658145934e-05,0.46174538135528564,0.18125075101852417,0.0022927401587367058
spiral,corner_neg_neg,7.0,10.0,6.0717495216522366e-05,0.48328840732574463,0.19063866138458252,0.002968098735436797
spiral,corner_neg_pos,1.0,3.0,5.640763629344292e-05,0.4385450482368469,0.1682053506374359,0.0033682165667414665
spiral,corner_neg_pos,3.0,5.0,5.819171201437712e-05,0.4510307312011719,0.1768016517162323,0.0029435630422085524
spiral,corner_neg_pos,5.0,7.0,5.8694189647212625e-05,0.462041974067688,0.18129651248455048,0.0022925250232219696
spiral,corner_neg_pos,7.0,10.0,6.075633427826688e-05,0.48360246419906616,0.19077427685260773,0.002963913604617119
spiral,corner_pos_neg,1.0,3.0,5.6377597502432764e-05,0.4381610155105591,0.16801699995994568,0.0033758659847080708
spiral,corner_pos_neg,3.0,5.0,5.81570238864515e-05,0.45091062784194946,0.17671266198158264,0.0029205624014139175
spiral,corner_pos_neg,5.0,7.0,5.8741359680425376e-05,0.46221959590911865,0.18148207664489746,0.002289649797603488
spiral,corner_pos_neg,7.0,10.0,6.072682299418375e-05,0.48318690061569214,0.19071818888187408,0.0029768922831863165
spiral,corner_pos_pos,1.0,3.0,5.644950215355493e-05,0.4389559030532837,0.16841870546340942,0.0033901678398251534
spiral,corner_pos_pos,3.0,5.0,5.824339314131066e-05,0.4519943594932556,0.17705625295639038,0.0029418941121548414
spiral,corner_pos_pos,5.0,7.0,5.875803981325589e-05,0.46254605054855347,0.18152843415737152,0.00229745008982718
spiral,corner_pos_pos,7.0,10.0,6.076857971493155e-05,0.4835284948348999,0.19085192680358887,0.0029704219195991755
spiral,x_neg_edge,1.0,3.0,5.2713992772623897e-05,0.4018455743789673,0.14769519865512848,0.0019511055434122682
spiral,x_neg_edge,3.0,5.0,5.3656673117075115e-05,0.4189331531524658,0.1540386974811554,0.0013450065162032843
spiral,x_neg_edge,5.0,7.0,5.3486313845496625e-05,0.4097799062728882,0.146118625998497,0.0006396914832293987
spiral,x_neg_edge,7.0,10.0,5.827147833770141e-05,0.4675403833389282,0.17428362369537354,0.0008205156191252172
spiral,x_pos_edge,1.0,3.0,5.266308653517626e-05,0.4005853533744812,0.14810293912887573,0.001957429340109229
spiral,x_pos_edge,3.0,5.0,5.4160260333446786e-05,0.4224579930305481,0.1569599211215973,0.001337686786428094
spiral,x_pos_edge,5.0,7.0,5.3748965001432225e-05,0.4124789237976074,0.14809685945510864,0.0006396789103746414
spiral,x_pos_edge,7.0,10.0,5.8095658459933475e-05,0.4662817120552063,0.173915296792984,0.000824565242510289
spiral,y_neg_edge,1.0,3.0,5.2713945478899404e-05,0.4019104242324829,0.14772957563400269,0.0019451702246442437
spiral,y_neg_edge,3.0,5.0,5.366031837183982e-05,0.4189719557762146,0.15404541790485382,0.0013513396261259913
spiral,y_neg_edge,5.0,7.0,5.352536391001195e-05,0.4103352427482605,0.14631202816963196,0.0006413343944586813
spiral,y_neg_edge,7.0,10.0,5.828447319800034e-05,0.4678243398666382,0.17435625195503235,0.0008239333983510733
spiral,y_pos_edge,1.0,3.0,5.2661118388641626e-05,0.40053266286849976,0.148067444562912,0.0019633984193205833
spiral,y_pos_edge,3.0,5.0,5.415586201706901e-05,0.42243868112564087,0.15695616602897644,0.0013326707994565368
spiral,y_pos_edge,5.0,7.0,5.3710838983533904e-05,0.4119156002998352,0.14789807796478271,0.0006415387615561485
spiral,y_pos_edge,7.0,10.0,5.8087403886020184e-05,0.46601027250289917,0.17384755611419678,0.0008234870037995279
double_helix,center,1.0,3.0,3.128886964987032e-05,0.19940310716629028,0.06899268925189972,0.0013389730593189597
double_helix,center,3.0,5.0,1.6230902474489994e-05,0.06258130073547363,0.022814661264419556,0.0014858096837997437
double_helix,center,5.0,7.0,1.2045290112561169e-11,3.5762786865234375e-07,-2.6149185039514578e-09,1.2018568362748283e-09
double_helix,center,7.0,10.0,1.3039035129391863e-11,3.5762786865234375e-07,-1.0229825875285314e-09,1.2019960582421163e-09
double_helix,corner_neg_neg,1.0,3.0,5.60046719328966e-05,0.43284016847610474,0.16488830745220184,0.003414260223507881
double_helix,corner_neg_neg,3.0,5.0,5.831006637890823e-05,0.46012938022613525,0.1767919659614563,0.002844766015186906
double_helix,corner_neg_neg,5.0,7.0,6.008717537042685e-05,0.47339075803756714,0.1857140213251114,0.0021869379561394453
double_helix,corner_neg_neg,7.0,10.0,5.950265403953381e-05,0.45947641134262085,0.18658649921417236,0.0026170839555561543
double_helix,corner_neg_pos,1.0,3.0,5.5962045735213906e-05,0.43769776821136475,0.1669876128435135,0.003458581864833832
double_helix,corner_neg_pos,3.0,5.0,5.746586975874379e-05,0.44316351413726807,0.17178404331207275,0.0032202748116105795
double_helix,corner_neg_pos,5.0,7.0,5.730961129302159e-05,0.43611323833465576,0.16902552545070648,0.002568827010691166
double_helix,corner_neg_pos,7.0,10.0,5.9152105677640066e-05,0.4675719141960144,0.18190425634384155,0.0033309776335954666
double_helix,corner_pos_neg,1.0,3.0,5.596204937319271e-05,0.43769776821136475,0.1669875979423523,0.003458580933511257
double_helix,corner_pos_neg,3.0,5.0,5.74658733967226e-05,0.4431636333465576,0.17178405821323395,0.003220274345949292
double_helix,corner_pos_neg,5.0,7.0,5.730961129302159e-05,0.4361134171485901,0.16902554035186768,0.0025688272435218096
double_helix,corner_pos_neg,7.0,10.0,5.915210931561887e-05,0.4675719738006592,0.18190425634384155,0.0033309778664261103
double_helix,corner_pos_pos,1.0,3.0,5.6083619710989296e-05,0.43517857789993286,0.1659172773361206,0.0034283939749002457
double_helix,corner_pos_pos,3.0,5.0,5.7850720622809604e-05,0.45914024114608765,0.17543438076972961,0.002854648046195507
double_helix,corner_pos_pos,5.0,7.0,5.889177555218339e-05,0.46263325214385986,0.18129727244377136,0.002193555235862732
double_helix,corner_pos_pos,7.0,10.0,6.0182810557307675e-05,0.47278743982315063,0.19092130661010742,0.0026827091351151466
double_helix,x_neg_edge,1.0,3.0,5.207454159972258e-05,0.3977990746498108,0.1449223756790161,0.002027378883212805
double_helix,x_neg_edge,3.0,5.0,5.4721014748793095e-05,0.43117642402648926,0.15858569741249084,0.0018445105524733663
double_helix,x_neg_edge,5.0,7.0,5.362534284358844e-05,0.41570615768432617,0.1490723192691803,0.0013366417260840535
double_helix,x_neg_edge,7.0,10.0,5.791243529529311e-05,0.46623772382736206,0.17507383227348328,0.0017755182925611734
double_helix,x_pos_edge,1.0,3.0,5.201120802666992e-05,0.395784854888916,0.14495164155960083,0.0020275821443647146
double_helix,x_pos_edge,3.0,5.0,5.52610945305787e-05,0.4345585107803345,0.16128253936767578,0.00183966348413378
double_helix,x_pos_edge,5.0,7.0,5.3862859203945845e-05,0.4176756739616394,0.1507011353969574,0.0013399866875261068
double_helix,x_pos_edge,7.0,10.0,5.7876124628819525e-05,0.4657495617866516,0.17505180835723877,0.0017773996805772185
double_helix,y_neg_edge,1.0,3.0,5.207453796174377e-05,0.3977990746498108,0.1449223756790161,0.002027379348874092
double_helix,y_neg_edge,3.0,5.0,5.4721014748793095e-05,0.43117648363113403,0.15858568251132965,0.0018445099703967571
double_helix,y_neg_edge,5.0,7.0,5.362534284358844e-05,0.4157062768936157,0.1490723043680191,0.0013366419589146972
double_helix,y_neg_edge,7.0,10.0,5.7912438933271915e-05,0.46623772382736206,0.17507383227348328,0.0017755187582224607
double_helix,y_pos_edge,1.0,3.0,5.2011215302627534e-05,0.3957849144935608,0.14495164155960083,0.0020275821443647146
double_helix,y_pos_edge,3.0,5.0,5.526109816855751e-05,0.434558629989624,0.16128253936767578,0.00183966348413378
double_helix,y_pos_edge,5.0,7.0,5.386285192798823e-05,0.4176759719848633,0.1507011353969574,0.0013399866875261068
double_helix,y_pos_edge,7.0,10.0,5.7876124628819525e-05,0.46574974060058594,0.17505179345607758,0.001777399331331253
multiring_spiral,center,1.0,3.0,3.435397957218811e-05,0.23274821043014526,0.07985410839319229,0.00160992203745991
multiring_spiral,center,3.0,5.0,1.811792935768608e-05,0.08478999137878418,0.02854745462536812,0.0012612035498023033
multiring_spiral,center,5.0,7.0,1.2751954006628985e-11,-7.152557373046875e-07,-5.849782436229134e-09,1.378274716579142e-09
multiring_spiral,center,7.0,10.0,1.2579534636181222e-11,-7.152557373046875e-07,1.210663569395365e-09,1.4072760734507028e-09
multiring_spiral,corner_neg_neg,1.0,3.0,5.755422535003163e-05,0.4519222378730774,0.17297281324863434,0.0036501390859484673
multiring_spiral,corner_neg_neg,3.0,5.0,5.867659274372272e-05,0.4665440320968628,0.17998164892196655,0.0033111218363046646
multiring_spiral,corner_neg_neg,5.0,7.0,5.84022855036892e-05,0.46513283252716064,0.17944087088108063,0.002860450651496649
multiring_spiral,corner_neg_neg,7.0,10.0,5.9046768001280725e-05,0.4707762598991394,0.18265026807785034,0.0034262898843735456
multiring_spiral,corner_neg_pos,1.0,3.0,5.800256985821761e-05,0.4594600796699524,0.17562267184257507,0.0036330719012767076
multiring_spiral,corner_neg_pos,3.0,5.0,6.0267571825534105e-05,0.4808926582336426,0.1876274049282074,0.003339253831654787
multiring_spiral,corner_neg_pos,5.0,7.0,5.874227645108476e-05,0.46722251176834106,0.1822579801082611,0.002881648251786828
multiring_spiral,corner_neg_pos,7.0,10.0,6.0178383137099445e-05,0.4794173836708069,0.18775781989097595,0.0034221699461340904
multiring_spiral,corner_pos_neg,1.0,3.0,5.7642842875793576e-05,0.4554098844528198,0.17518702149391174,0.003605047706514597
multiring_spiral,corner_pos_neg,3.0,5.0,5.8620375057216734e-05,0.4553452730178833,0.17985418438911438,0.00333638908341527
multiring_spiral,corner_pos_neg,5.0,7.0,5.873128247912973e-05,0.46831488609313965,0.18142983317375183,0.002887262962758541
multiring_spiral,corner_pos_neg,7.0,10.0,5.9405225329101086e-05,0.473488986492157,0.18491414189338684,0.0034786551259458065
multiring_spiral,corner_pos_pos,1.0,3.0,5.732172940042801e-05,0.44948065280914307,0.17261752486228943,0.003601080970838666
multiring_spiral,corner_pos_pos,3.0,5.0,5.8848800108535215e-05,0.46326136589050293,0.18188893795013428,0.003370197955518961
multiring_spiral,corner_pos_pos,5.0,7.0,5.854300252394751e-05,0.46077537536621094,0.18014615774154663,0.0028978679329156876
multiring_spiral,corner_pos_pos,7.0,10.0,5.9567493735812604e-05,0.4759865999221802,0.18475636839866638,0.003455578815191984
multiring_spiral,x_neg_edge,1.0,3.0,5.2279017836553976e-05,0.3848841190338135,0.14665082097053528,0.0022171649616211653
multiring_spiral,x_neg_edge,3.0,5.0,5.279417018755339e-05,0.40170174837112427,0.14988644421100616,0.001960162306204438
multiring_spiral,x_neg_edge,5.0,7.0,5.2310322644189e-05,0.38997822999954224,0.14320547878742218,0.0016789776273071766
multiring_spiral,x_neg_edge,7.0,10.0,5.616365160676651e-05,0.4341859221458435,0.16777421534061432,0.001951466198079288
multiring_spiral,x_pos_edge,1.0,3.0,5.319867341313511e-05,0.4012146592140198,0.15145747363567352,0.0022213843185454607
multiring_spiral,x_pos_edge,3.0,5.0,5.4677508160239086e-05,0.42217206954956055,0.1573401391506195,0.001982670510187745
multiring_spiral,x_pos_edge,5.0,7.0,5.3821106121176854e-05,0.4068678021430969,0.15068639814853668,0.0017367735272273421
multiring_spiral,x_pos_edge,7.0,10.0,5.740370397688821e-05,0.4518340229988098,0.17287878692150116,0.0020341873168945312
multiring_spiral,y_neg_edge,1.0,3.0,5.4112515499582514e-05,0.4064018130302429,0.1562267541885376,0.002156879287213087
multiring_spiral,y_neg_edge,3.0,5.0,5.5207889090524986e-05,0.4275220036506653,0.1607360541820526,0.0018579937750473619
multiring_spiral,y_neg_edge,5.0,7.0,5.168234201846644e-05,0.38347113132476807,0.13957759737968445,0.0016094723250716925
multiring_spiral,y_neg_edge,7.0,10.0,5.698037057300098e-05,0.451845645904541,0.17108622193336487,0.0018003317527472973
multiring_spiral,y_pos_edge,1.0,3.0,5.34023238287773e-05,0.3971191644668579,0.15260367095470428,0.0021704856771975756
multiring_spiral,y_pos_edge,3.0,5.0,5.4608583013759926e-05,0.4199104309082031,0.15855112671852112,0.001901363953948021
multiring_spiral,y_pos_edge,5.0,7.0,5.346795660443604e-05,0.4053885340690613,0.14915016293525696,0.0016990156145766377
multiring_spiral,y_pos_edge,7.0,10.0,5.645355486194603e-05,0.42310667037963867,0.1658618152141571,0.0018738212529569864
